-- V3__more_demo_data.sql
-- Additional synthetic customers for richer demo and personalization signals
--
-- Customer profiles:
--   c0000000-0000-0000-0000-000000000005  (Alice — professional, dining + travel heavy)
--   c0000000-0000-0000-0000-000000000006  (Ben — family, groceries + health + kids)
--   c0000000-0000-0000-0000-000000000007  (Cara — student, entertainment + fast food)
--   c0000000-0000-0000-0000-000000000008  (Dan — tech enthusiast, electronics heavy)

-- ===================== ACTIVATIONS =====================

-- Alice: dining + travel
INSERT INTO redemptions.activations (id, customer_id, offer_id, offer_title, merchant_id, cashback_rate, cashback_cap, min_spend, status, activated_at, expires_at)
VALUES
  ('b0000005-0000-0000-0000-000000000001', 'c0000000-0000-0000-0000-000000000005',
   'a0000003-0000-0000-0000-000000000001', '25% Cashback at Costa Coffee',
   '10000000-0000-0000-0000-000000000004', 25.00, 10.00, 3.00,
   'ACTIVE', NOW() - INTERVAL '20 days', NOW() + INTERVAL '29 days'),
  ('b0000005-0000-0000-0000-000000000002', 'c0000000-0000-0000-0000-000000000005',
   'a0000003-0000-0000-0000-000000000002', '12% Back at Nandos',
   '10000000-0000-0000-0000-000000000007', 12.00, 20.00, 15.00,
   'ACTIVE', NOW() - INTERVAL '18 days', NOW() + INTERVAL '24 days'),
  ('b0000005-0000-0000-0000-000000000003', 'c0000000-0000-0000-0000-000000000005',
   'a0000004-0000-0000-0000-000000000001', '£50 Off Booking.com Hotels',
   '10000000-0000-0000-0000-000000000005', NULL, 50.00, 200.00,
   'COMPLETED', NOW() - INTERVAL '15 days', NOW() + INTERVAL '26 days'),
  ('b0000005-0000-0000-0000-000000000004', 'c0000000-0000-0000-0000-000000000005',
   'a0000004-0000-0000-0000-000000000002', '7% Back on Flights',
   '10000000-0000-0000-0000-000000000009', 7.00, 100.00, 100.00,
   'ACTIVE', NOW() - INTERVAL '10 days', NOW() + INTERVAL '18 days'),
  ('b0000005-0000-0000-0000-000000000005', 'c0000000-0000-0000-0000-000000000005',
   'a0000009-0000-0000-0000-000000000002', '18% Cashback at Pizza Express',
   '10000000-0000-0000-0000-000000000008', 18.00, 15.00, 20.00,
   'ACTIVE', NOW() - INTERVAL '5 days', NOW() + INTERVAL '26 days')
ON CONFLICT (customer_id, offer_id) DO NOTHING;

-- Ben: groceries + health + fashion
INSERT INTO redemptions.activations (id, customer_id, offer_id, offer_title, merchant_id, cashback_rate, cashback_cap, min_spend, status, activated_at, expires_at)
VALUES
  ('b0000006-0000-0000-0000-000000000001', 'c0000000-0000-0000-0000-000000000006',
   'a0000001-0000-0000-0000-000000000001', '10% Cashback at Tesco',
   '00000000-0000-0000-0000-000000000001', 10.00, 25.00, 20.00,
   'ACTIVE', NOW() - INTERVAL '25 days', NOW() + INTERVAL '25 days'),
  ('b0000006-0000-0000-0000-000000000002', 'c0000000-0000-0000-0000-000000000006',
   'a0000001-0000-0000-0000-000000000003', '15% Cashback at Sainsburys',
   '10000000-0000-0000-0000-000000000002', 15.00, 30.00, 30.00,
   'ACTIVE', NOW() - INTERVAL '20 days', NOW() + INTERVAL '4 days'),
  ('b0000006-0000-0000-0000-000000000003', 'c0000000-0000-0000-0000-000000000006',
   'a0000007-0000-0000-0000-000000000002', '20% Cashback at Boots',
   '10000000-0000-0000-0000-000000000014', 20.00, 25.00, 10.00,
   'ACTIVE', NOW() - INTERVAL '12 days', NOW() + INTERVAL '27 days'),
  ('b0000006-0000-0000-0000-000000000004', 'c0000000-0000-0000-0000-000000000006',
   'a0000009-0000-0000-0000-000000000003', '25% Off Holland & Barrett Vitamins',
   '10000000-0000-0000-0000-000000000013', 25.00, 20.00, 15.00,
   'ACTIVE', NOW() - INTERVAL '8 days', NOW() + INTERVAL '27 days'),
  ('b0000006-0000-0000-0000-000000000005', 'c0000000-0000-0000-0000-000000000006',
   'a0000002-0000-0000-0000-000000000003', '8% Cashback at H&M',
   '10000000-0000-0000-0000-000000000006', 8.00, 20.00, 15.00,
   'ACTIVE', NOW() - INTERVAL '3 days', NOW() + INTERVAL '28 days')
ON CONFLICT (customer_id, offer_id) DO NOTHING;

-- Cara: entertainment + dining fast food
INSERT INTO redemptions.activations (id, customer_id, offer_id, offer_title, merchant_id, cashback_rate, cashback_cap, min_spend, status, activated_at, expires_at)
VALUES
  ('b0000007-0000-0000-0000-000000000001', 'c0000000-0000-0000-0000-000000000007',
   'a0000006-0000-0000-0000-000000000001', '3 Months Free Spotify Premium',
   '10000000-0000-0000-0000-000000000011', NULL, NULL, NULL,
   'ACTIVE', NOW() - INTERVAL '14 days', NOW() + INTERVAL '15 days'),
  ('b0000007-0000-0000-0000-000000000002', 'c0000000-0000-0000-0000-000000000007',
   'a0000006-0000-0000-0000-000000000002', '15% Off Cinema Tickets',
   '10000000-0000-0000-0000-000000000012', 15.00, 10.00, 8.00,
   'ACTIVE', NOW() - INTERVAL '10 days', NOW() + INTERVAL '19 days'),
  ('b0000007-0000-0000-0000-000000000003', 'c0000000-0000-0000-0000-000000000007',
   'a0000003-0000-0000-0000-000000000001', '25% Cashback at Costa Coffee',
   '10000000-0000-0000-0000-000000000004', 25.00, 10.00, 3.00,
   'ACTIVE', NOW() - INTERVAL '7 days', NOW() + INTERVAL '29 days'),
  ('b0000007-0000-0000-0000-000000000004', 'c0000000-0000-0000-0000-000000000007',
   'a0000009-0000-0000-0000-000000000007', '2 Months Free NOW Entertainment',
   '10000000-0000-0000-0000-000000000012', NULL, NULL, NULL,
   'ACTIVE', NOW() - INTERVAL '3 days', NOW() + INTERVAL '25 days')
ON CONFLICT (customer_id, offer_id) DO NOTHING;

-- Dan: electronics + tech
INSERT INTO redemptions.activations (id, customer_id, offer_id, offer_title, merchant_id, cashback_rate, cashback_cap, min_spend, status, activated_at, expires_at)
VALUES
  ('b0000008-0000-0000-0000-000000000001', 'c0000000-0000-0000-0000-000000000008',
   'a0000005-0000-0000-0000-000000000001', '5% Cashback at Currys',
   '10000000-0000-0000-0000-000000000010', 5.00, 75.00, 50.00,
   'ACTIVE', NOW() - INTERVAL '22 days', NOW() + INTERVAL '21 days'),
  ('b0000008-0000-0000-0000-000000000002', 'c0000000-0000-0000-0000-000000000008',
   'a0000005-0000-0000-0000-000000000002', 'Double Cashback on Smart Home',
   '10000000-0000-0000-0000-000000000010', 10.00, 40.00, 30.00,
   'ACTIVE', NOW() - INTERVAL '15 days', NOW() + INTERVAL '5 days'),
  ('b0000008-0000-0000-0000-000000000003', 'c0000000-0000-0000-0000-000000000008',
   'a0000009-0000-0000-0000-000000000006', '3% Cashback on Amazon Electronics',
   '10000000-0000-0000-0000-000000000010', 3.00, 50.00, 20.00,
   'ACTIVE', NOW() - INTERVAL '8 days', NOW() + INTERVAL '20 days'),
  ('b0000008-0000-0000-0000-000000000004', 'c0000000-0000-0000-0000-000000000008',
   'a0000006-0000-0000-0000-000000000001', '3 Months Free Spotify Premium',
   '10000000-0000-0000-0000-000000000011', NULL, NULL, NULL,
   'ACTIVE', NOW() - INTERVAL '5 days', NOW() + INTERVAL '15 days')
ON CONFLICT (customer_id, offer_id) DO NOTHING;

-- ===================== TRANSACTIONS =====================

-- Alice transactions (dining + travel heavy — high value)
INSERT INTO redemptions.transactions (id, activation_id, customer_id, merchant_id, amount, currency, card_last_four, description, status, transaction_date)
VALUES
  ('f0000005-0000-0000-0000-000000000001', 'b0000005-0000-0000-0000-000000000001',
   'c0000000-0000-0000-0000-000000000005', '10000000-0000-0000-0000-000000000004',
   5.90, 'GBP', '1122', 'Costa Coffee - Morning Latte', 'CASHBACK_CREDITED', NOW() - INTERVAL '18 days'),
  ('f0000005-0000-0000-0000-000000000002', 'b0000005-0000-0000-0000-000000000001',
   'c0000000-0000-0000-0000-000000000005', '10000000-0000-0000-0000-000000000004',
   4.20, 'GBP', '1122', 'Costa Coffee - Iced Coffee', 'CASHBACK_CREDITED', NOW() - INTERVAL '14 days'),
  ('f0000005-0000-0000-0000-000000000003', 'b0000005-0000-0000-0000-000000000001',
   'c0000000-0000-0000-0000-000000000005', '10000000-0000-0000-0000-000000000004',
   7.80, 'GBP', '1122', 'Costa Coffee - Lunch Pastry', 'CASHBACK_CREDITED', NOW() - INTERVAL '9 days'),
  ('f0000005-0000-0000-0000-000000000004', 'b0000005-0000-0000-0000-000000000002',
   'c0000000-0000-0000-0000-000000000005', '10000000-0000-0000-0000-000000000007',
   42.00, 'GBP', '1122', 'Nandos - Date Night', 'CASHBACK_CREDITED', NOW() - INTERVAL '16 days'),
  ('f0000005-0000-0000-0000-000000000005', 'b0000005-0000-0000-0000-000000000002',
   'c0000000-0000-0000-0000-000000000005', '10000000-0000-0000-0000-000000000007',
   38.50, 'GBP', '1122', 'Nandos - Work Lunch', 'CASHBACK_CREDITED', NOW() - INTERVAL '8 days'),
  ('f0000005-0000-0000-0000-000000000006', 'b0000005-0000-0000-0000-000000000003',
   'c0000000-0000-0000-0000-000000000005', '10000000-0000-0000-0000-000000000005',
   320.00, 'GBP', '1122', 'Booking.com - Paris Hotel', 'CASHBACK_CREDITED', NOW() - INTERVAL '13 days'),
  ('f0000005-0000-0000-0000-000000000007', 'b0000005-0000-0000-0000-000000000005',
   'c0000000-0000-0000-0000-000000000005', '10000000-0000-0000-0000-000000000008',
   55.00, 'GBP', '1122', 'Pizza Express - Anniversary Dinner', 'CASHBACK_CREDITED', NOW() - INTERVAL '3 days')
ON CONFLICT (id) DO NOTHING;

-- Ben transactions (family grocery shopping — regular, moderate)
INSERT INTO redemptions.transactions (id, activation_id, customer_id, merchant_id, amount, currency, card_last_four, description, status, transaction_date)
VALUES
  ('f0000006-0000-0000-0000-000000000001', 'b0000006-0000-0000-0000-000000000001',
   'c0000000-0000-0000-0000-000000000006', '00000000-0000-0000-0000-000000000001',
   95.40, 'GBP', '3344', 'Tesco Weekly Shop', 'CASHBACK_CREDITED', NOW() - INTERVAL '23 days'),
  ('f0000006-0000-0000-0000-000000000002', 'b0000006-0000-0000-0000-000000000001',
   'c0000000-0000-0000-0000-000000000006', '00000000-0000-0000-0000-000000000001',
   112.30, 'GBP', '3344', 'Tesco Big Shop', 'CASHBACK_CREDITED', NOW() - INTERVAL '16 days'),
  ('f0000006-0000-0000-0000-000000000003', 'b0000006-0000-0000-0000-000000000001',
   'c0000000-0000-0000-0000-000000000006', '00000000-0000-0000-0000-000000000001',
   88.70, 'GBP', '3344', 'Tesco Weekly Shop', 'CASHBACK_CREDITED', NOW() - INTERVAL '9 days'),
  ('f0000006-0000-0000-0000-000000000004', 'b0000006-0000-0000-0000-000000000002',
   'c0000000-0000-0000-0000-000000000006', '10000000-0000-0000-0000-000000000002',
   67.50, 'GBP', '3344', 'Sainsburys Weekly Shop', 'CASHBACK_CREDITED', NOW() - INTERVAL '18 days'),
  ('f0000006-0000-0000-0000-000000000005', 'b0000006-0000-0000-0000-000000000003',
   'c0000000-0000-0000-0000-000000000006', '10000000-0000-0000-0000-000000000014',
   62.00, 'GBP', '3344', 'Boots - Family Essentials', 'CASHBACK_CREDITED', NOW() - INTERVAL '10 days'),
  ('f0000006-0000-0000-0000-000000000006', 'b0000006-0000-0000-0000-000000000004',
   'c0000000-0000-0000-0000-000000000006', '10000000-0000-0000-0000-000000000013',
   38.00, 'GBP', '3344', 'Holland & Barrett - Vitamins', 'CASHBACK_CREDITED', NOW() - INTERVAL '6 days'),
  ('f0000006-0000-0000-0000-000000000007', 'b0000006-0000-0000-0000-000000000005',
   'c0000000-0000-0000-0000-000000000006', '10000000-0000-0000-0000-000000000006',
   75.00, 'GBP', '3344', 'H&M - School Clothes', 'CASHBACK_CREDITED', NOW() - INTERVAL '2 days')
ON CONFLICT (id) DO NOTHING;

-- Cara transactions (entertainment + coffee — frequent small purchases)
INSERT INTO redemptions.transactions (id, activation_id, customer_id, merchant_id, amount, currency, card_last_four, description, status, transaction_date)
VALUES
  ('f0000007-0000-0000-0000-000000000001', 'b0000007-0000-0000-0000-000000000002',
   'c0000000-0000-0000-0000-000000000007', '10000000-0000-0000-0000-000000000012',
   18.00, 'GBP', '7788', 'Odeon - 2 Tickets', 'CASHBACK_CREDITED', NOW() - INTERVAL '8 days'),
  ('f0000007-0000-0000-0000-000000000002', 'b0000007-0000-0000-0000-000000000002',
   'c0000000-0000-0000-0000-000000000007', '10000000-0000-0000-0000-000000000012',
   24.00, 'GBP', '7788', 'Odeon - IMAX Screening', 'CASHBACK_CREDITED', NOW() - INTERVAL '2 days'),
  ('f0000007-0000-0000-0000-000000000003', 'b0000007-0000-0000-0000-000000000003',
   'c0000000-0000-0000-0000-000000000007', '10000000-0000-0000-0000-000000000004',
   3.90, 'GBP', '7788', 'Costa Coffee - Flat White', 'CASHBACK_CREDITED', NOW() - INTERVAL '6 days'),
  ('f0000007-0000-0000-0000-000000000004', 'b0000007-0000-0000-0000-000000000003',
   'c0000000-0000-0000-0000-000000000007', '10000000-0000-0000-0000-000000000004',
   4.50, 'GBP', '7788', 'Costa Coffee - Study Session', 'CASHBACK_CREDITED', NOW() - INTERVAL '3 days')
ON CONFLICT (id) DO NOTHING;

-- Dan transactions (high-value electronics)
INSERT INTO redemptions.transactions (id, activation_id, customer_id, merchant_id, amount, currency, card_last_four, description, status, transaction_date)
VALUES
  ('f0000008-0000-0000-0000-000000000001', 'b0000008-0000-0000-0000-000000000001',
   'c0000000-0000-0000-0000-000000000008', '10000000-0000-0000-0000-000000000010',
   849.99, 'GBP', '9900', 'Currys - Gaming Laptop', 'CASHBACK_CREDITED', NOW() - INTERVAL '20 days'),
  ('f0000008-0000-0000-0000-000000000002', 'b0000008-0000-0000-0000-000000000001',
   'c0000000-0000-0000-0000-000000000008', '10000000-0000-0000-0000-000000000010',
   299.99, 'GBP', '9900', 'Currys - Mechanical Keyboard', 'CASHBACK_CREDITED', NOW() - INTERVAL '12 days'),
  ('f0000008-0000-0000-0000-000000000003', 'b0000008-0000-0000-0000-000000000002',
   'c0000000-0000-0000-0000-000000000008', '10000000-0000-0000-0000-000000000010',
   189.99, 'GBP', '9900', 'Currys - Smart Lights & Hub', 'CASHBACK_CREDITED', NOW() - INTERVAL '13 days'),
  ('f0000008-0000-0000-0000-000000000004', 'b0000008-0000-0000-0000-000000000003',
   'c0000000-0000-0000-0000-000000000008', '10000000-0000-0000-0000-000000000010',
   450.00, 'GBP', '9900', 'Amazon - M4 iPad', 'CASHBACK_CREDITED', NOW() - INTERVAL '5 days')
ON CONFLICT (id) DO NOTHING;

-- ===================== CASHBACK CREDITS =====================

-- Alice credits
INSERT INTO redemptions.cashback_credits (id, transaction_id, customer_id, offer_id, merchant_id, transaction_amount, cashback_rate, cashback_amount, status, credited_at)
VALUES
  ('cc000005-0000-0000-0000-000000000001', 'f0000005-0000-0000-0000-000000000001', 'c0000000-0000-0000-0000-000000000005', 'a0000003-0000-0000-0000-000000000001', '10000000-0000-0000-0000-000000000004', 5.90, 25.00, 1.48, 'CREDITED', NOW() - INTERVAL '18 days'),
  ('cc000005-0000-0000-0000-000000000002', 'f0000005-0000-0000-0000-000000000002', 'c0000000-0000-0000-0000-000000000005', 'a0000003-0000-0000-0000-000000000001', '10000000-0000-0000-0000-000000000004', 4.20, 25.00, 1.05, 'CREDITED', NOW() - INTERVAL '14 days'),
  ('cc000005-0000-0000-0000-000000000003', 'f0000005-0000-0000-0000-000000000003', 'c0000000-0000-0000-0000-000000000005', 'a0000003-0000-0000-0000-000000000001', '10000000-0000-0000-0000-000000000004', 7.80, 25.00, 1.95, 'CREDITED', NOW() - INTERVAL '9 days'),
  ('cc000005-0000-0000-0000-000000000004', 'f0000005-0000-0000-0000-000000000004', 'c0000000-0000-0000-0000-000000000005', 'a0000003-0000-0000-0000-000000000002', '10000000-0000-0000-0000-000000000007', 42.00, 12.00, 5.04, 'CREDITED', NOW() - INTERVAL '16 days'),
  ('cc000005-0000-0000-0000-000000000005', 'f0000005-0000-0000-0000-000000000005', 'c0000000-0000-0000-0000-000000000005', 'a0000003-0000-0000-0000-000000000002', '10000000-0000-0000-0000-000000000007', 38.50, 12.00, 4.62, 'CREDITED', NOW() - INTERVAL '8 days'),
  ('cc000005-0000-0000-0000-000000000006', 'f0000005-0000-0000-0000-000000000006', 'c0000000-0000-0000-0000-000000000005', 'a0000004-0000-0000-0000-000000000001', '10000000-0000-0000-0000-000000000005', 320.00, 0.00, 50.00, 'CREDITED', NOW() - INTERVAL '13 days'),
  ('cc000005-0000-0000-0000-000000000007', 'f0000005-0000-0000-0000-000000000007', 'c0000000-0000-0000-0000-000000000005', 'a0000009-0000-0000-0000-000000000002', '10000000-0000-0000-0000-000000000008', 55.00, 18.00, 9.90, 'CREDITED', NOW() - INTERVAL '3 days')
ON CONFLICT (id) DO NOTHING;

-- Ben credits
INSERT INTO redemptions.cashback_credits (id, transaction_id, customer_id, offer_id, merchant_id, transaction_amount, cashback_rate, cashback_amount, status, credited_at)
VALUES
  ('cc000006-0000-0000-0000-000000000001', 'f0000006-0000-0000-0000-000000000001', 'c0000000-0000-0000-0000-000000000006', 'a0000001-0000-0000-0000-000000000001', '00000000-0000-0000-0000-000000000001', 95.40, 10.00, 9.54, 'CREDITED', NOW() - INTERVAL '23 days'),
  ('cc000006-0000-0000-0000-000000000002', 'f0000006-0000-0000-0000-000000000002', 'c0000000-0000-0000-0000-000000000006', 'a0000001-0000-0000-0000-000000000001', '00000000-0000-0000-0000-000000000001', 112.30, 10.00, 11.23, 'CREDITED', NOW() - INTERVAL '16 days'),
  ('cc000006-0000-0000-0000-000000000003', 'f0000006-0000-0000-0000-000000000003', 'c0000000-0000-0000-0000-000000000006', 'a0000001-0000-0000-0000-000000000001', '00000000-0000-0000-0000-000000000001', 88.70, 10.00, 8.87, 'CREDITED', NOW() - INTERVAL '9 days'),
  ('cc000006-0000-0000-0000-000000000004', 'f0000006-0000-0000-0000-000000000004', 'c0000000-0000-0000-0000-000000000006', 'a0000001-0000-0000-0000-000000000003', '10000000-0000-0000-0000-000000000002', 67.50, 15.00, 10.13, 'CREDITED', NOW() - INTERVAL '18 days'),
  ('cc000006-0000-0000-0000-000000000005', 'f0000006-0000-0000-0000-000000000005', 'c0000000-0000-0000-0000-000000000006', 'a0000007-0000-0000-0000-000000000002', '10000000-0000-0000-0000-000000000014', 62.00, 20.00, 12.40, 'CREDITED', NOW() - INTERVAL '10 days'),
  ('cc000006-0000-0000-0000-000000000006', 'f0000006-0000-0000-0000-000000000006', 'c0000000-0000-0000-0000-000000000006', 'a0000009-0000-0000-0000-000000000003', '10000000-0000-0000-0000-000000000013', 38.00, 25.00, 9.50, 'CREDITED', NOW() - INTERVAL '6 days'),
  ('cc000006-0000-0000-0000-000000000007', 'f0000006-0000-0000-0000-000000000007', 'c0000000-0000-0000-0000-000000000006', 'a0000002-0000-0000-0000-000000000003', '10000000-0000-0000-0000-000000000006', 75.00, 8.00, 6.00, 'CREDITED', NOW() - INTERVAL '2 days')
ON CONFLICT (id) DO NOTHING;

-- Cara credits
INSERT INTO redemptions.cashback_credits (id, transaction_id, customer_id, offer_id, merchant_id, transaction_amount, cashback_rate, cashback_amount, status, credited_at)
VALUES
  ('cc000007-0000-0000-0000-000000000001', 'f0000007-0000-0000-0000-000000000001', 'c0000000-0000-0000-0000-000000000007', 'a0000006-0000-0000-0000-000000000002', '10000000-0000-0000-0000-000000000012', 18.00, 15.00, 2.70, 'CREDITED', NOW() - INTERVAL '8 days'),
  ('cc000007-0000-0000-0000-000000000002', 'f0000007-0000-0000-0000-000000000002', 'c0000000-0000-0000-0000-000000000007', 'a0000006-0000-0000-0000-000000000002', '10000000-0000-0000-0000-000000000012', 24.00, 15.00, 3.60, 'CREDITED', NOW() - INTERVAL '2 days'),
  ('cc000007-0000-0000-0000-000000000003', 'f0000007-0000-0000-0000-000000000003', 'c0000000-0000-0000-0000-000000000007', 'a0000003-0000-0000-0000-000000000001', '10000000-0000-0000-0000-000000000004', 3.90, 25.00, 0.98, 'CREDITED', NOW() - INTERVAL '6 days'),
  ('cc000007-0000-0000-0000-000000000004', 'f0000007-0000-0000-0000-000000000004', 'c0000000-0000-0000-0000-000000000007', 'a0000003-0000-0000-0000-000000000001', '10000000-0000-0000-0000-000000000004', 4.50, 25.00, 1.13, 'CREDITED', NOW() - INTERVAL '3 days')
ON CONFLICT (id) DO NOTHING;

-- Dan credits
INSERT INTO redemptions.cashback_credits (id, transaction_id, customer_id, offer_id, merchant_id, transaction_amount, cashback_rate, cashback_amount, status, credited_at)
VALUES
  ('cc000008-0000-0000-0000-000000000001', 'f0000008-0000-0000-0000-000000000001', 'c0000000-0000-0000-0000-000000000008', 'a0000005-0000-0000-0000-000000000001', '10000000-0000-0000-0000-000000000010', 849.99, 5.00, 42.50, 'CREDITED', NOW() - INTERVAL '20 days'),
  ('cc000008-0000-0000-0000-000000000002', 'f0000008-0000-0000-0000-000000000002', 'c0000000-0000-0000-0000-000000000008', 'a0000005-0000-0000-0000-000000000001', '10000000-0000-0000-0000-000000000010', 299.99, 5.00, 15.00, 'CREDITED', NOW() - INTERVAL '12 days'),
  ('cc000008-0000-0000-0000-000000000003', 'f0000008-0000-0000-0000-000000000003', 'c0000000-0000-0000-0000-000000000008', 'a0000005-0000-0000-0000-000000000002', '10000000-0000-0000-0000-000000000010', 189.99, 10.00, 19.00, 'CREDITED', NOW() - INTERVAL '13 days'),
  ('cc000008-0000-0000-0000-000000000004', 'f0000008-0000-0000-0000-000000000004', 'c0000000-0000-0000-0000-000000000008', 'a0000009-0000-0000-0000-000000000006', '10000000-0000-0000-0000-000000000010', 450.00, 3.00, 13.50, 'CREDITED', NOW() - INTERVAL '5 days')
ON CONFLICT (id) DO NOTHING;
